Partiel,RPM,Speed GPS,T1,T2,Gf. X,Gf. Y,Orientation,Speed rear,Lat.,Lon.,Altitude
1,11693,774,580,0,859,1018,5470,0,-37831099,144913783,160
1,11689,766,581,0,853,1010,5189,0,-37831099,144913783,160
1,11664,759,581,0,852,1001,4901,0,-37831086,144913801,160
1,11695,759,581,0,855,999,4539,0,-37831071,144913818,160
1,11804,760,581,0,853,1002,4052,0,-37831056,144913833,160
1,11820,759,581,0,856,997,3640,0,-37831041,144913846,160
1,12197,758,581,0,851,994,3248,0,-37831024,144913858,160
1,11966,759,581,0,861,982,2856,0,-37831006,144913868,160
1,12024,763,581,0,874,976,2476,0,-37830987,144913876,160
1,12089,770,580,0,889,978,2025,0,-37830969,144913883,160
1,11883,782,580,0,893,978,1592,0,-37830951,144913890,160
1,12074,788,580,0,913,978,1240,0,-37830931,144913893,160
1,12019,794,580,0,920,978,797,0,-37830911,144913895,160
1,12210,806,580,0,932,999,581,0,-37830891,144913896,160
1,12305,812,580,0,937,1027,330,0,-37830872,144913896,160
1,11753,807,580,0,951,1044,125,0,-37830851,144913896,160
1,11225,792,580,0,963,1051,35864,0,-37830831,144913895,160
1,11019,774,580,0,968,1050,35706,0,-37830811,144913893,160
1,10636,755,580,0,974,1041,35585,0,-37830791,144913891,160
1,10312,737,580,0,981,1038,35490,0,-37830771,144913888,160
1,10261,725,580,0,984,1036,35338,0,-37830752,144913885,160
1,10371,713,580,0,974,1035,35228,0,-37830736,144913881,160
1,9968,697,580,0,966,1039,35215,0,-37830717,144913878,160
1,10041,686,580,0,955,1037,35143,0,-37830701,144913875,160
1,9612,673,580,0,944,1042,35117,0,-37830682,144913871,160
1,9401,656,580,0,932,1034,35062,0,-37830666,144913868,160
1,9322,643,580,0,926,1035,34977,0,-37830651,144913863,160
1,9280,631,580,0,920,1039,34773,0,-37830634,144913858,160
1,9198,619,580,0,912,1034,34535,0,-37830619,144913853,160
1,9074,603,580,0,908,1030,34290,0,-37830604,144913846,160
1,8875,592,580,0,908,1025,33997,0,-37830591,144913838,160
1,8737,584,580,0,910,1030,33632,0,-37830577,144913830,160
1,8597,573,580,0,915,1025,33235,0,-37830566,144913821,160
1,8382,562,580,0,920,1023,32794,0,-37830552,144913810,160
1,8262,554,580,0,913,1032,32305,0,-37830542,144913798,160
1,8161,547,580,0,909,1035,31853,0,-37830532,144913786,160
1,7970,532,580,0,906,1037,31425,0,-37830524,144913773,160
1,7909,517,580,0,905,1029,31022,0,-37830516,144913760,160
1,8000,508,580,0,908,1046,30629,0,-37830509,144913745,160
1,7910,496,580,0,920,1045,30174,0,-37830504,144913730,160
1,7666,476,580,0,923,1035,29395,0,-37830501,144913715,160
1,7591,459,580,0,923,1020,28749,0,-37830499,144913698,160
1,7471,452,580,0,916,1004,28159,0,-37830499,144913683,160
1,7559,446,580,0,906,1003,27553,0,-37830499,144913668,150
1,7784,445,580,0,901,983,27067,0,-37830501,144913655,150
1,8115,448,580,0,900,982,26535,0,-37830502,144913640,150
1,7988,455,579,0,900,973,25820,0,-37830507,144913626,150
1,7888,468,579,0,900,966,25122,0,-37830514,144913613,150
1,7641,476,579,0,913,956,24175,0,-37830522,144913601,150
1,7840,490,579,0,930,957,23368,0,-37830532,144913591,150
1,8046,509,579,0,949,965,22673,0,-37830544,144913581,150
1,7984,522,579,0,970,964,22029,0,-37830554,144913571,150
1,8168,532,579,0,1001,965,21488,0,-37830567,144913565,150
1,8303,548,579,0,1022,965,20795,0,-37830581,144913558,150
1,8544,560,579,0,1039,972,20542,0,-37830592,144913551,150
1,8739,569,579,0,1058,968,20486,0,-37830604,144913545,150
1,8995,581,579,0,1072,970,20493,0,-37830617,144913536,150
1,9236,592,579,0,1082,965,20608,0,-37830631,144913530,150
1,9380,602,579,0,1096,969,20799,0,-37830644,144913520,150
1,9600,616,579,0,1102,964,21103,0,-37830656,144913510,150
1,9821,627,579,0,1108,978,21435,0,-37830667,144913498,150
1,9933,637,578,0,1107,974,21858,0,-37830679,144913485,150
1,10090,646,578,0,1108,978,22237,0,-37830691,144913471,150
1,10337,653,578,0,1106,977,22597,0,-37830701,144913456,150
1,10467,663,578,0,1107,978,23123,0,-37830711,144913440,150
1,10689,670,578,0,1110,984,23520,0,-37830719,144913421,150
1,10789,676,578,0,1116,985,23994,0,-37830727,144913403,150
1,10895,683,578,0,1116,985,24305,0,-37830734,144913383,150
1,10748,686,578,0,1097,980,24649,0,-37830741,144913365,150
1,10911,692,578,0,1082,976,25081,0,-37830744,144913343,150
1,10653,701,578,0,1056,979,25457,0,-37830749,144913323,150
1,10585,710,578,0,1034,980,25933,0,-37830751,144913301,150
1,10638,716,578,0,1013,973,26332,0,-37830751,144913280,150
1,10830,723,578,0,1005,970,26636,0,-37830751,144913258,150
1,10982,735,578,0,998,968,26729,0,-37830752,144913235,150
1,11148,747,578,0,995,974,26827,0,-37830752,144913211,150
1,11303,756,578,0,990,971,26855,0,-37830752,144913188,150
1,11494,766,578,0,989,972,26885,0,-37830752,144913165,150
1,11603,776,577,0,986,973,26851,0,-37830754,144913141,150
1,11762,786,578,0,984,978,26826,0,-37830754,144913116,150
1,11933,795,577,0,981,981,26812,0,-37830756,144913091,150
1,12045,803,578,0,984,978,26802,0,-37830756,144913066,150
1,12182,809,578,0,986,972,26758,0,-37830757,144913041,150
1,12297,818,578,0,993,970,26719,0,-37830759,144913016,150
1,12401,830,578,0,995,973,26652,0,-37830761,144912991,150
1,12523,840,578,0,1001,978,26622,0,-37830761,144912965,150
1,12652,848,578,0,1002,979,26580,0,-37830764,144912940,150
1,12774,856,578,0,1008,995,26575,0,-37830766,144912913,150
1,12878,863,578,0,1012,1016,26560,0,-37830767,144912885,150
1,12894,862,578,0,1019,1029,26575,0,-37830769,144912858,150
1,12345,850,578,0,1027,1032,26579,0,-37830771,144912831,150
1,12190,839,578,0,1040,1036,26598,0,-37830772,144912803,150
1,12089,829,578,0,1049,1042,26613,0,-37830772,144912776,150
1,11867,813,579,0,1064,1042,26667,0,-37830774,144912751,150
1,11655,796,579,0,1076,1033,26724,0,-37830776,144912725,150
1,11439,783,579,0,1089,1030,26817,0,-37830776,144912700,150
1,11320,773,578,0,1102,1032,26933,0,-37830776,144912675,150
1,11206,762,578,0,1114,1032,27116,0,-37830774,144912650,150
1,11090,749,579,0,1114,1035,27304,0,-37830772,144912626,150
1,10919,738,579,0,1118,1038,27574,0,-37830769,144912601,150
1,10744,725,579,0,1119,1049,27852,0,-37830766,144912578,150
1,10500,710,579,0,1116,1054,28181,0,-37830762,144912556,150
1,10172,691,579,0,1117,1056,28586,0,-37830756,144912535,150
1,9853,670,579,0,1119,1056,28994,0,-37830749,144912513,150
1,9519,651,579,0,1119,1061,29327,0,-37830741,144912495,150
1,9264,631,579,0,1115,1062,29731,0,-37830732,144912476,150
1,9107,607,579,0,1118,1054,30173,0,-37830724,144912460,150
1,8890,584,580,0,1110,1043,30633,0,-37830712,144912443,150
1,8607,568,580,0,1109,1043,31215,0,-37830702,144912431,150
1,8385,554,580,0,1103,1045,31727,0,-37830691,144912420,150
1,8374,537,580,0,1107,1050,32291,0,-37830679,144912410,150
1,8154,520,580,0,1104,1037,32790,0,-37830666,144912401,150
1,7881,503,579,0,1107,1022,33515,0,-37830654,144912395,150
1,7968,490,579,0,1105,1004,34069,0,-37830641,144912391,150
1,8001,491,579,0,1108,996,34739,0,-37830627,144912388,150
1,8075,494,579,0,1100,993,35316,0,-37830616,144912388,150
1,8045,496,579,0,1099,989,101,0,-37830604,144912390,150
1,8094,500,579,0,1099,982,875,0,-37830591,144912393,150
1,8149,504,579,0,1095,980,1602,0,-37830579,144912398,150
1,8230,511,578,0,1092,970,2270,0,-37830569,144912406,150
1,8234,520,579,0,1094,974,2900,0,-37830557,144912415,150
1,8205,530,578,0,1082,965,3386,0,-37830547,144912423,150
1,8291,541,578,0,1073,973,4078,0,-37830539,144912436,150
1,8360,552,578,0,1067,964,4705,0,-37830531,144912448,150
1,8491,563,578,0,1061,970,5182,0,-37830522,144912463,150
1,8624,575,578,0,1052,963,5642,0,-37830516,144912478,150
1,8802,587,578,0,1050,971,6081,0,-37830509,144912493,150
1,8996,599,578,0,1042,966,6344,0,-37830504,144912510,150
1,9168,610,577,0,1034,972,6652,0,-37830497,144912528,150
1,9292,621,578,0,1025,967,6906,0,-37830492,144912545,150
1,9444,632,578,0,1019,970,7147,0,-37830489,144912563,150
1,9643,642,578,0,1011,965,7320,0,-37830484,144912583,150
1,9807,654,578,0,1007,965,7487,0,-37830481,144912601,150
1,9976,666,578,0,1005,968,7581,0,-37830477,144912621,150
1,10155,679,577,0,1003,971,7637,0,-37830474,144912641,150
1,10319,690,577,0,1002,972,7682,0,-37830469,144912661,150
1,10487,699,577,0,1003,966,7711,0,-37830466,144912683,150
1,10655,710,577,0,1001,965,7707,0,-37830462,144912705,160
1,10847,723,577,0,996,967,7730,0,-37830459,144912726,160
1,11037,736,577,0,994,974,7742,0,-37830454,144912748,160
1,11156,746,577,0,994,972,7754,0,-37830451,144912770,160
1,11293,754,578,0,994,971,7763,0,-37830447,144912793,160
1,11459,765,578,0,995,970,7773,0,-37830442,144912816,160
1,11580,777,578,0,1000,973,7759,0,-37830439,144912840,160
1,11755,786,578,0,1004,973,7703,0,-37830434,144912863,160
1,11895,795,579,0,1007,971,7688,0,-37830431,144912886,160
1,12026,806,579,0,1006,975,7688,0,-37830426,144912911,160
1,12177,816,579,0,1004,975,7693,0,-37830421,144912935,160
1,12290,824,579,0,1004,975,7698,0,-37830417,144912960,160
1,12442,833,579,0,1001,976,7718,0,-37830412,144912985,160
1,12539,843,579,0,1000,979,7753,0,-37830407,144913011,160
1,12674,851,579,0,998,979,7788,0,-37830404,144913036,160
1,12779,857,580,0,997,978,7782,0,-37830399,144913063,160
1,12928,866,580,0,992,979,7758,0,-37830394,144913090,160
1,13020,874,580,0,988,983,7772,0,-37830389,144913116,160
1,13111,880,580,0,987,983,7776,0,-37830384,144913143,160
1,13210,886,580,0,989,980,7795,0,-37830381,144913170,160
1,13324,892,580,0,988,980,7776,0,-37830376,144913196,160
1,13398,900,580,0,995,981,7743,0,-37830371,144913225,160
1,13498,908,581,0,996,982,7706,0,-37830366,144913251,160
1,13599,914,581,0,997,982,7667,0,-37830361,144913280,160
1,13689,921,581,0,997,988,7674,0,-37830354,144913308,160
1,13752,927,581,0,996,985,7674,0,-37830349,144913335,160
1,13863,929,581,0,996,988,7637,0,-37830344,144913363,160
1,13937,935,581,0,1000,982,7662,0,-37830339,144913393,160
1,13992,942,581,0,993,988,7633,0,-37830332,144913421,160
1,14058,945,581,0,990,987,7656,0,-37830327,144913450,160
1,14127,951,581,0,996,987,7651,0,-37830322,144913478,160
1,14194,955,582,0,995,989,7604,0,-37830316,144913508,160
1,14268,959,581,0,997,988,7630,0,-37830311,144913536,160
1,14312,964,582,0,1003,990,7642,0,-37830306,144913566,160
1,14374,968,582,0,1007,989,7598,0,-37830299,144913596,160
1,14416,971,582,0,1007,989,7573,0,-37830292,144913625,160
1,14475,975,582,0,1002,992,7579,0,-37830287,144913655,160
1,14524,980,582,0,996,995,7591,0,-37830281,144913685,160
1,14587,981,582,0,998,996,7625,0,-37830276,144913715,160
1,14616,982,582,0,996,998,7634,0,-37830269,144913745,160
1,14680,984,582,0,990,1001,7639,0,-37830264,144913775,160
1,14709,984,582,0,996,1011,7649,0,-37830257,144913805,160
1,14738,982,582,0,993,1017,7618,0,-37830252,144913835,160
1,14687,977,582,0,990,1022,7602,0,-37830246,144913866,160
1,14612,968,582,0,993,1022,7623,0,-37830239,144913896,160
1,14405,960,583,0,996,1024,7615,0,-37830234,144913926,160
1,14231,953,583,0,995,1026,7575,0,-37830227,144913956,170
1,14117,943,583,0,1001,1030,7593,0,-37830222,144913985,170
1,13930,933,583,0,1004,1033,7552,0,-37830216,144914015,170
1,13742,922,583,0,1001,1036,7542,0,-37830211,144914043,170
1,13474,909,583,0,1009,1040,7561,0,-37830204,144914071,170
1,13195,896,583,0,1014,1044,7546,0,-37830199,144914100,180
1,11956,881,583,0,1019,1051,7558,0,-37830194,144914128,180
1,11574,863,583,0,1024,1054,7573,0,-37830187,144914155,180
1,11594,844,583,0,1033,1050,7585,0,-37830182,144914181,180
1,11305,825,583,0,1040,1038,7581,0,-37830177,144914208,180
1,11329,807,583,0,1049,1031,7651,0,-37830174,144914235,190
1,11350,797,583,0,1059,1026,7725,0,-37830169,144914260,190
1,11385,787,583,0,1072,1028,7799,0,-37830166,144914283,190
1,11240,776,583,0,1086,1027,7885,0,-37830162,144914308,190
1,11235,767,583,0,1090,1024,7991,0,-37830159,144914333,190
1,11098,757,583,0,1100,1023,8164,0,-37830157,144914356,190
1,11023,748,583,0,1109,1023,8374,0,-37830156,144914380,190
1,10905,741,583,0,1109,1024,8596,0,-37830156,144914403,190
1,10733,732,583,0,1114,1018,8879,0,-37830156,144914426,190
1,10844,723,583,0,1119,1006,9206,0,-37830157,144914450,190
1,10842,718,583,0,1125,1013,9469,0,-37830159,144914473,190
1,11007,719,583,0,1129,1018,9856,0,-37830164,144914495,190
1,10432,712,583,0,1140,1029,10247,0,-37830169,144914516,190
1,10429,701,583,0,1150,1018,10559,0,-37830174,144914536,190
1,10325,693,582,0,1159,1007,10976,0,-37830181,144914558,190
1,10548,686,582,0,1152,988,11356,0,-37830189,144914576,190
1,10687,687,582,0,1146,979,11867,0,-37830199,144914595,190
1,10822,695,582,0,1136,983,12364,0,-37830211,144914611,190
1,10766,703,582,0,1115,991,12896,0,-37830222,144914625,190
1,10795,707,582,0,1107,1003,13529,0,-37830236,144914638,190
1,10869,709,582,0,1111,1004,14062,0,-37830251,144914651,190
1,10930,707,582,0,1110,1010,14433,0,-37830266,144914663,190
1,10666,703,582,0,1117,1000,14812,0,-37830282,144914673,190
1,10511,700,582,0,1124,994,15148,0,-37830297,144914683,190
1,10812,701,582,0,1125,986,15419,0,-37830314,144914691,190
1,11031,706,582,0,1120,991,15817,0,-37830331,144914696,190
1,11225,711,582,0,1117,997,16253,0,-37830349,144914701,190
1,11496,713,582,0,1114,1003,16626,0,-37830366,144914705,190
1,11645,713,582,0,1101,992,17082,0,-37830384,144914705,190
1,11755,710,582,0,1082,974,17458,0,-37830402,144914705,190
1,11542,723,582,0,1065,964,17856,0,-37830421,144914703,190
1,11419,746,582,0,1048,962,18199,0,-37830439,144914700,190
1,11507,759,582,0,1026,966,18511,0,-37830456,144914696,190
1,11659,770,581,0,1019,964,18894,0,-37830476,144914690,190
1,11822,784,581,0,1020,967,19037,0,-37830496,144914685,190
1,11976,796,581,0,1019,978,19120,0,-37830514,144914680,190
1,12140,807,581,0,1023,993,19186,0,-37830534,144914675,190
1,12292,814,581,0,1033,1021,19222,0,-37830554,144914668,190
1,11648,811,581,0,1038,1029,19267,0,-37830574,144914663,190
1,11303,799,582,0,1047,1034,19307,0,-37830594,144914656,190
1,11278,786,582,0,1059,1026,19382,0,-37830614,144914650,190
1,11299,777,582,0,1072,1037,19433,0,-37830632,144914643,180
1,11094,766,582,0,1080,1042,19522,0,-37830651,144914636,180
1,10710,752,582,0,1090,1044,19702,0,-37830669,144914628,180
1,10195,734,581,0,1099,1051,19806,0,-37830687,144914621,180
1,9879,719,582,0,1105,1048,20029,0,-37830706,144914611,180
1,9837,700,582,0,1105,1050,20255,0,-37830721,144914601,180
1,9616,680,582,0,1101,1040,20565,0,-37830736,144914591,180
1,9575,666,582,0,1105,1042,20908,0,-37830751,144914580,180
1,9401,652,582,0,1100,1061,21216,0,-37830764,144914568,180
1,9181,636,582,0,1100,1056,21659,0,-37830776,144914553,180
1,8699,611,582,0,1103,1056,22055,0,-37830787,144914540,180
1,8619,589,582,0,1106,1046,22451,0,-37830797,144914525,180
1,8417,576,582,0,1106,1054,22809,0,-37830806,144914510,180
1,8388,556,582,0,1105,1046,23309,0,-37830812,144914496,180
1,8280,536,582,0,1103,1032,23786,0,-37830819,144914480,180
1,8031,522,582,0,1106,1013,24324,0,-37830824,144914465,180
1,7926,514,582,0,1107,1014,24953,0,-37830826,144914448,180
1,8073,511,582,0,1099,1006,25552,0,-37830827,144914433,180
1,7894,508,582,0,1095,1024,26205,0,-37830827,144914416,180
1,8045,503,582,0,1095,1031,26793,0,-37830827,144914400,180
1,8186,495,582,0,1085,1037,27398,0,-37830824,144914385,180
1,8248,478,582,0,1080,1031,28240,0,-37830819,144914370,180
1,8168,466,582,0,1085,1023,28926,0,-37830814,144914355,180
1,7869,458,582,0,1088,1021,29375,0,-37830807,144914343,180
1,7869,458,582,0,1088,1021,29375,0,-37830807,144914343,180
1,7679,449,582,0,1087,1012,29930,0,-37830801,144914331,180
1,7691,442,582,0,1096,998,30699,0,-37830792,144914320,180
1,7781,439,581,0,1108,987,31337,0,-37830782,144914311,190
1,7904,443,581,0,1110,968,32003,0,-37830774,144914303,190
1,7975,450,581,0,1112,965,32753,0,-37830762,144914298,190
1,8016,472,581,0,1107,957,33523,0,-37830751,144914295,190
1,8135,497,581,0,1101,965,34313,0,-37830739,144914293,190
1,8231,510,581,0,1086,965,35277,0,-37830727,144914295,190
1,8311,523,581,0,1075,969,257,0,-37830712,144914298,190
1,8571,534,581,0,1059,963,878,0,-37830701,144914303,190
1,8592,545,581,0,1036,958,1482,0,-37830687,144914308,190
1,8714,559,580,0,1010,962,1910,0,-37830676,144914315,190
1,8746,575,580,0,984,973,2430,0,-37830662,144914323,190
1,8912,587,580,0,962,994,2808,0,-37830651,144914331,190
1,9071,593,580,0,940,1005,3006,0,-37830639,144914341,190
1,8972,593,580,0,931,1014,3106,0,-37830626,144914350,190
1,8948,587,580,0,920,1017,2927,0,-37830612,144914360,190
1,8837,582,580,0,913,1019,2756,0,-37830599,144914368,190
1,8786,575,580,0,911,1023,2483,0,-37830586,144914375,190
1,8671,567,580,0,910,1019,2137,0,-37830571,144914380,190
1,8604,559,580,0,909,1024,1716,0,-37830557,144914385,190
1,8474,552,580,0,906,1019,1312,0,-37830544,144914386,190
1,8343,544,580,0,906,1023,840,0,-37830529,144914388,190
1,8162,536,580,0,909,1010,325,0,-37830516,144914388,190
1,8405,529,580,0,912,1017,35886,0,-37830502,144914386,190
1,8503,526,580,0,919,1016,35378,0,-37830489,144914385,190
1,8365,521,580,0,927,1022,34865,0,-37830476,144914380,190
1,7741,512,579,0,926,1028,34251,0,-37830464,144914373,190
1,7251,505,579,0,919,1039,33685,0,-37830452,144914366,190
1,6964,494,579,0,916,1041,33268,0,-37830442,144914358,190
1,7124,475,579,0,908,1031,32809,0,-37830432,144914348,190
1,7364,462,579,0,907,1013,32461,0,-37830422,144914340,190
1,7317,454,579,0,910,998,31996,0,-37830414,144914328,190
1,7446,451,579,0,919,987,31241,0,-37830409,144914316,190
1,7447,456,579,0,924,977,30443,0,-37830404,144914303,190
1,7629,462,579,0,932,975,29728,0,-37830401,144914290,190
1,7458,471,579,0,937,964,28967,0,-37830399,144914276,190
1,7575,482,579,0,945,967,28445,0,-37830397,144914261,190
1,7620,495,579,0,947,974,27775,0,-37830397,144914246,190
1,7848,507,579,0,947,986,27368,0,-37830397,144914231,190
1,8277,513,579,0,942,983,26940,0,-37830399,144914215,190
1,8430,516,580,0,937,981,26584,0,-37830401,144914200,190
1,8699,524,580,0,930,983,26289,0,-37830402,144914183,190
1,8713,533,580,0,904,989,26005,0,-37830406,144914166,190
1,8892,536,581,0,883,977,25724,0,-37830409,144914151,180
1,9167,539,581,0,872,957,25364,0,-37830414,144914135,180
1,9405,557,581,0,855,954,24908,0,-37830421,144914118,180
1,9592,584,581,0,846,963,24496,0,-37830429,144914105,180
1,9746,600,581,0,854,978,24041,0,-37830437,144914090,180
1,9948,608,581,0,864,984,23168,0,-37830452,144914076,180
1,9993,616,582,0,873,979,22406,0,-37830467,144914065,190
1,9995,620,582,0,886,970,21808,0,-37830481,144914055,190
1,9937,628,582,0,893,961,21124,0,-37830496,144914048,190
1,9981,644,582,0,902,969,20578,0,-37830511,144914040,180
1,10155,657,582,0,906,971,19999,0,-37830526,144914035,180
1,10312,665,582,0,904,967,19527,0,-37830541,144914031,180
1,10449,676,582,0,908,965,19199,0,-37830557,144914028,180
1,10632,690,582,0,909,970,18845,0,-37830574,144914026,180
1,10712,701,582,0,909,976,18509,0,-37830591,144914026,180
1,10950,710,582,0,910,978,18188,0,-37830609,144914026,180
1,11070,719,582,0,915,981,17854,0,-37830626,144914030,180
1,11198,726,582,0,926,982,17540,0,-37830644,144914033,180
1,11297,732,582,0,940,981,17302,0,-37830662,144914038,180
1,11385,738,582,0,957,981,17033,0,-37830679,144914043,180
1,11518,746,582,0,974,969,16752,0,-37830697,144914051,180
1,11750,752,582,0,988,968,16473,0,-37830714,144914060,180
1,11682,765,582,0,990,964,16263,0,-37830732,144914068,180
1,11799,779,582,0,1008,980,16202,0,-37830751,144914076,180
1,11838,788,582,0,1023,992,16156,0,-37830769,144914085,180
1,11966,794,582,0,1038,1001,16136,0,-37830787,144914093,180
1,11928,794,582,0,1052,1005,16118,0,-37830806,144914101,180
1,11748,792,582,0,1078,999,16112,0,-37830826,144914110,180
1,11741,791,582,0,1083,994,16085,0,-37830844,144914118,180
1,11846,791,582,0,1093,991,16268,0,-37830862,144914125,180
1,11956,795,582,0,1097,997,16447,0,-37830882,144914130,180
1,12050,799,582,0,1109,1005,16625,0,-37830901,144914135,180
1,11881,798,582,0,1112,1015,16796,0,-37830921,144914138,180
1,11721,794,582,0,1124,1020,17101,0,-37830941,144914141,180
1,11655,787,582,0,1134,1020,17343,0,-37830961,144914143,180
1,11636,778,582,0,1140,1023,17643,0,-37830981,144914143,180
1,11576,772,582,0,1143,1016,17877,0,-37831001,144914143,180
1,11494,764,582,0,1145,1008,18206,0,-37831019,144914141,180
1,11299,757,582,0,1157,995,18570,0,-37831039,144914138,180
1,11303,758,582,0,1153,995,18995,0,-37831057,144914131,170
1,11500,762,582,0,1158,996,19466,0,-37831074,144914125,170
1,11632,762,582,0,1158,991,19813,0,-37831092,144914116,170
1,11587,763,582,0,1149,983,20197,0,-37831109,144914106,170
1,11591,768,582,0,1131,986,20604,0,-37831126,144914093,170
1,11594,775,582,0,1134,987,21201,0,-37831141,144914080,170
1,11769,779,582,0,1131,989,21618,0,-37831156,144914063,170
1,11928,783,582,0,1121,982,22021,0,-37831169,144914046,170
1,12150,788,582,0,1117,979,22383,0,-37831182,144914030,180
1,12104,795,581,0,1106,971,22659,0,-37831196,144914011,180
1,12062,803,581,0,1083,975,22983,0,-37831207,144913991,180
1,12126,815,581,0,1065,976,23403,0,-37831217,144913971,180
1,12224,824,581,0,1056,979,23740,0,-37831229,144913948,180
1,12363,830,581,0,1045,977,23961,0,-37831237,144913926,180
1,12466,839,581,0,1038,976,24158,0,-37831247,144913903,180
1,12583,847,581,0,1031,980,24318,0,-37831257,144913880,180
1,12698,855,581,0,1023,980,24429,0,-37831266,144913855,180
1,12864,863,581,0,1013,983,24521,0,-37831274,144913830,180
1,12922,869,581,0,1007,984,24625,0,-37831282,144913805,180
1,13032,876,581,0,1001,981,24683,0,-37831292,144913780,180
1,13143,881,581,0,1000,979,24760,0,-37831301,144913755,180
1,13230,888,581,0,1000,978,24781,0,-37831309,144913730,180
1,13327,897,581,0,999,983,24780,0,-37831317,144913703,170
1,13422,904,581,0,998,986,24781,0,-37831326,144913678,170
1,13510,909,581,0,997,983,24774,0,-37831334,144913651,170
1,13611,913,582,0,993,983,24782,0,-37831342,144913625,170
1,13689,920,582,0,993,984,24789,0,-37831351,144913598,170
1,13767,927,582,0,993,987,24786,0,-37831359,144913571,170
1,13847,931,582,0,994,982,24776,0,-37831369,144913545,170
1,13930,936,582,0,995,987,24766,0,-37831377,144913518,170
1,14005,943,582,0,999,1004,24761,0,-37831387,144913490,170
1,14081,947,582,0,999,1028,24734,0,-37831396,144913463,170
1,13959,940,582,0,1000,1049,24726,0,-37831406,144913436,180
1,13003,925,582,0,999,1053,24716,0,-37831416,144913408,170
1,12583,905,582,0,1001,1063,24715,0,-37831424,144913380,170
1,12575,885,582,0,1003,1064,24721,0,-37831434,144913353,170
1,11900,863,582,0,1008,1072,24729,0,-37831442,144913326,170
1,11450,837,582,0,1014,1060,24719,0,-37831451,144913301,170
1,11111,812,582,0,1026,1056,24722,0,-37831459,144913276,170
1,11183,792,582,0,1037,1048,24712,0,-37831467,144913251,170
1,11202,775,582,0,1049,1047,24739,0,-37831476,144913228,170
1,10885,756,582,0,1068,1044,24782,0,-37831482,144913206,170
1,10608,741,582,0,1081,1047,24831,0,-37831489,144913183,170
1,10244,726,582,0,1088,1041,24918,0,-37831496,144913161,170
1,10121,707,582,0,1092,1040,25085,0,-37831501,144913140,170
1,10062,693,582,0,1096,1034,25275,0,-37831506,144913116,170
1,9927,682,582,0,1096,1035,25515,0,-37831511,144913096,170
1,9848,667,583,0,1096,1035,25892,0,-37831512,144913075,170
1,9733,656,583,0,1102,1031,26230,0,-37831514,144913053,170
1,9563,644,582,0,1105,1033,26557,0,-37831514,144913033,170
1,9487,631,582,0,1108,1033,26865,0,-37831514,144913013,170
1,9351,621,582,0,1108,1034,27234,0,-37831512,144912993,170
1,9270,608,582,0,1119,1032,27695,0,-37831509,144912973,170
1,9111,595,582,0,1121,1025,28092,0,-37831506,144912955,170
1,8994,585,583,0,1124,1031,28609,0,-37831499,144912936,170
1,8844,577,582,0,1131,1039,29065,0,-37831494,144912920,170
1,8793,564,582,0,1129,1042,29566,0,-37831486,144912903,170
1,8661,547,582,0,1125,1044,30124,0,-37831477,144912890,170
1,8455,533,582,0,1113,1038,30869,0,-37831467,144912876,170
1,8267,518,582,0,1112,1042,31564,0,-37831456,144912866,170
1,8059,503,582,0,1106,1045,32229,0,-37831444,144912856,170
1,7830,490,582,0,1101,1038,33037,0,-37831432,144912850,170
1,7772,471,582,0,1098,1031,33726,0,-37831421,144912846,170
1,7797,459,582,0,1102,1006,34558,0,-37831407,144912845,170
1,7896,456,582,0,1100,996,35076,0,-37831396,144912843,170
1,8034,459,582,0,1093,980,35948,0,-37831384,144912845,170
1,7900,470,582,0,1093,971,781,0,-37831372,144912850,170
1,7709,479,581,0,1085,964,1445,0,-37831362,144912855,170
1,7576,490,581,0,1084,956,2310,0,-37831351,144912861,160
1,7842,505,581,0,1078,963,2987,0,-37831341,144912870,170
1,8053,522,581,0,1074,965,3679,0,-37831332,144912881,170
1,8270,534,581,0,1071,965,4160,0,-37831322,144912893,160
1,8418,544,581,0,1068,962,4679,0,-37831314,144912906,160
1,8513,559,580,0,1065,964,5118,0,-37831307,144912920,160
1,8701,572,580,0,1064,966,5617,0,-37831299,144912935,160
1,8841,583,580,0,1065,959,6000,0,-37831294,144912950,160
1,9040,596,580,0,1065,957,6272,0,-37831287,144912966,160
1,9254,612,580,0,1064,964,6610,0,-37831282,144912985,160
1,9394,628,580,0,1057,967,6900,0,-37831277,144913001,160
1,9580,638,580,0,1049,971,7216,0,-37831272,144913021,160
1,9737,649,580,0,1041,963,7503,0,-37831269,144913040,160
1,9904,661,579,0,1027,964,7744,0,-37831266,144913060,160
1,10102,673,579,0,1014,966,8009,0,-37831264,144913080,160
1,10258,687,580,0,1003,969,8233,0,-37831262,144913100,160
1,10427,698,580,0,988,969,8352,0,-37831261,144913121,160
1,10626,708,580,0,978,967,8462,0,-37831259,144913143,160
1,10836,720,580,0,975,972,8530,0,-37831259,144913165,160
1,10964,732,580,0,969,975,8514,0,-37831257,144913188,160
1,11160,740,580,0,963,979,8492,0,-37831256,144913211,160
1,11282,749,580,0,962,974,8419,0,-37831252,144913235,160
1,11454,757,580,0,958,975,8295,0,-37831251,144913258,160
1,11580,766,580,0,954,971,8202,0,-37831247,144913281,160
1,11748,776,580,0,958,976,8158,0,-37831244,144913305,160
1,11860,786,580,0,961,972,8054,0,-37831241,144913328,160
1,12026,794,580,0,966,975,7910,0,-37831237,144913353,160
1,12089,804,581,0,976,972,7780,0,-37831232,144913378,160
1,12257,814,581,0,987,978,7648,0,-37831227,144913403,160
1,12401,823,581,0,987,975,7560,0,-37831222,144913428,160
1,12445,831,581,0,988,978,7517,0,-37831217,144913453,160
1,12615,840,581,0,979,982,7424,0,-37831211,144913478,160
1,12663,848,581,0,959,996,7369,0,-37831206,144913503,160
1,12746,853,582,0,936,1009,7369,0,-37831199,144913528,160
1,12765,851,582,0,917,1015,7407,0,-37831194,144913555,160
1,12618,845,582,0,900,1021,7375,0,-37831187,144913580,160
1,12541,839,582,0,886,1023,7296,0,-37831181,144913606,160
1,12340,831,582,0,881,1030,7146,0,-37831174,144913631,160
1,12274,821,582,0,880,1028,6911,0,-37831166,144913656,160
1,12162,810,582,0,878,1026,6685,0,-37831157,144913680,160
1,12016,799,582,0,871,1022,6422,0,-37831147,144913703,160
1,11841,791,582,0,862,1026,6129,0,-37831137,144913725,160
1,11746,784,582,0,861,1027,5796,0,-37831126,144913746,160
1,11614,773,582,0,857,1028,5470,0,-37831101,144913786,160
